Id,preco
0,1568047.4117766153
1,13101.57934881188
2,658223.6928095408
3,-125162.48983474728
4,475105.40830692276
5,-134990.8798987493
6,804608.8138836622
7,8672633.227335537
8,708436.3817080474
9,995125.1895406581
10,678122.907664354
11,381646.1331894584
12,1399183.7389542107
13,228339.28340598755
14,517781.8134478219
15,333026.23848521244
16,721916.2627323819
17,379187.1342767393
18,201602.74052090757
19,-45400.17179369833
20,687098.0724334605
21,361366.0339529738
22,381638.02173570916
23,1127779.6371392254
24,827958.8813881408
25,615038.1881568246
26,276572.48019343335
27,275631.63701568916
28,-141501.67768998817
29,170980.49087067135
30,721406.233309567
31,1644195.9878701698
32,1659659.5012119785
33,1644968.5006884877
34,1818678.7885566615
35,739501.7159137204
36,-42624.81416080706
37,2045524.204236729
38,790860.6016937923
39,688648.737380553
40,1605228.6194147542
41,352605.8258533729
42,707792.8240496125
43,1692562.2868281975
44,1294624.9057400692
45,167922.93759723008
46,3581190.1892202385
47,289542.33179495204
48,76692.53111835569
49,251726.62978747115
50,266768.93035755306
51,710887.2691670172
52,21765.978616313078
53,196082.74161865655
54,1384572.252139058
55,833153.2816618877
56,694801.9273148356
57,813942.9549625944
58,626222.9245796241
59,1682440.3613060582
60,1974005.497662291
61,810179.91705707
62,1088341.5296838172
63,2321042.8981442135
64,496638.82318174094
65,572722.4596385602
66,310172.2248184057
67,9822338.573583458
68,512150.53250877094
69,197754.15406528022
70,1384971.5719577577
71,83273.27952163015
72,546882.016090624
73,708107.7332462436
74,601219.1755293226
75,2352091.2050062623
76,17800.703888961114
77,411048.67124334816
78,-32649.704154124483
79,8655425.374189045
80,717549.3574653789
81,459895.4758467255
82,798717.87177708
83,1939854.0980176628
84,1837269.3282789607
85,1073345.3592179455
86,494187.93572277017
87,523315.3716110904
88,276572.48019343335
89,-38443.87526597548
90,284659.07352200337
91,1156618.377122905
92,-81363.71305028256
93,77556.82190299872
94,48723.46701057255
95,170315.3051275732
96,1707250.3815385457
97,2103367.1662447266
98,413817.303677327
99,295771.5446035452
100,1002585.5792274419
101,184731.12885986082
102,1837628.4843628518
103,145654.20781313442
104,483772.28286522627
105,1168872.8144177534
106,863457.7670708084
107,1567686.1810915824
108,258336.47485084273
109,671386.3999390118
110,222876.85762494057
111,633115.7563983519
112,773243.6611383306
113,424585.271265802
114,363977.33025109675
115,1037802.6153842956
116,270239.87666215375
117,2268673.3755218294
118,9856107.292931683
119,364991.8389457334
120,1446188.3988754898
121,908422.1775196791
122,-329906.60880666506
123,405159.9670964619
124,359407.77933780756
125,1046864.7349351048
126,177061.67375393864
127,1734575.1093948074
128,628600.348158096
129,1122529.3122356534
130,1897542.1075506378
131,2636805.419019837
132,424328.97810476087
133,1364776.5031987354
134,2043869.521390235
135,-27534.50053043198
136,635707.8373181932
137,1932382.7983890157
138,1112658.2563197557
139,499089.7106407108
140,1732988.1987539008
141,517033.19380840566
142,-85463.1012965357
143,1099255.776548773
144,835277.7803886086
145,499152.56647307426
146,7689.775008057244
147,1803903.0852625482
148,885630.5386318453
149,1859429.941742273
150,241836.99871005584
151,355785.7005856037
152,703548.2741521373
153,557834.2645473992
154,264318.0428985832
155,733735.9263366759
156,833571.260341255
157,539940.1234814245
158,267358.1754482556
159,2164173.8134800512
160,987393.0282582585
161,-56310.08006899804
162,435444.39030342735
163,874527.4997414565
164,484097.5133819198
165,963349.2741618678
166,397421.37517996226
167,328688.07541844714
168,319437.5450217528
169,772473.7854461325
170,1063538.9954383187
171,181359.4422103651
172,662192.1391810495
173,1162474.0808480512
174,624203.3835670156
175,2152821.0225119926
176,929843.9789205026
177,487345.3027686747
178,1783264.1448931154
179,-190633.32421035226
180,1111504.3007664066
181,553452.2050023582
182,1810924.500041591
183,877357.0770644099
184,772592.7399554923
185,501335.21321582515
186,-15435.506042814814
187,281964.2405469706
188,1858123.8922160678
189,704554.6656357367
190,2412754.5989489574
191,1304486.34831932
192,-13165.546886467375
193,-202064.93132092617
194,270336.4491068823
195,1059113.6173474584
196,519630.5759969931
197,1835034.6733736154
198,338111.2925649518
199,346528.89800282754
200,1461673.6217599008
201,-203392.36921157874
202,292787.84922847897
203,1211595.739625018
204,777771.0899833785
205,647778.2942691995
206,-83814.6005092524
207,144106.14489021804
208,633469.4617277812
209,2099531.38421352
210,347439.4716381077
211,1750262.823485529
212,592079.8143235585
213,373625.58921532705
214,750460.5335592758
215,120186.51539122034
216,459596.38619026355
217,273512.5693044923
218,619301.608649076
219,282258.6671285881
220,721225.6886538332
221,858555.9921528678
222,3189621.361542728
223,913412.512987161
224,360192.0581889618
225,1007666.3260147385
226,447920.8428627141
227,157136.24489253853
228,4866710.022303252
229,8389062.469264772
230,720690.8190028965
231,615324.3548347773
232,134812.6244771527
233,649937.7018861994
234,1054983.6678252053
235,1502968.4352628812
236,1073720.9300362282
237,1676897.8409492876
238,2092894.136143282
239,626654.2710259855
240,931340.9375722613
241,-53688.53669494204
242,278615.3323907554
243,590911.0179870669
244,1180228.554196801
245,536159.6569592804
246,630264.2980516367
247,349726.0037035458
248,543744.6579514798
249,992240.0237875246
250,1785782.0915105883
251,926987.131965315
252,834081.289764069
253,637361.9378899913
254,636252.4359780103
255,885549.9264024384
256,722837.0619229078
257,1154013.7055976
258,1659327.2430737521
259,739504.0769800013
260,570560.8498367677
261,397695.6246083034
262,333486.5473356042
263,1959131.8704528324
264,442303.65363810305
265,832032.4957218152
266,764912.9184931079
267,1321162.4819463529
268,-692336.2057500482
269,2043869.521390235
270,570330.89947192
271,370372.58073261846
272,524590.3107002592
273,598263.6803639773
274,655455.6314557074
275,739792.6589492466
276,-212076.60054672603
277,1598534.0282398462
278,722837.0619229078
279,907984.5110999774
280,522081.46345596295
281,8737394.328336168
282,491021.6339571299
283,133156.36699273903
284,1427368.9447323643
285,2443746.8011055533
286,1320018.3232174981
287,548178.3860994326
288,875137.0874886401
289,1069659.3420794066
290,717050.9336697534
291,372157.09109325986
292,921159.7475853544
293,285150.5862998273
294,2584435.133595692
295,1101238.4498130456
296,1114002.6486389004
297,878163.0918246275
298,676664.3753876612
299,362353.5412573796
300,1205441.107348431
301,560190.496588869
302,485914.47415533476
303,822199.8219474982
304,720180.7895800816
305,-176420.45065352786
306,-26946.95677784551
307,537078.4662547437
308,728367.5444304496
309,213353.38325534202
310,-91969.38390990067
311,2053584.7388457917
312,1895477.839320153
313,504300.8072030451
314,839729.1960389921
315,1441731.0736141056
316,1607721.4234241582
317,1266661.6380823944
318,136117.28387452476
319,1082503.3066024836
320,919539.731634587
321,2242615.9433143884
322,583226.2688188981
323,713359.3623328898
324,627882.9522405863
325,370844.54421805404
326,511138.7630517045
327,1988306.9182220493
328,525607.6350398241
329,745199.6935925959
330,894788.4860163834
331,377904.4789256491
332,627039.5277943518
333,752189.3280297788
334,1503399.4075852856
335,601940.0115524316
336,537313.9104626747
337,53235.89867894724
338,1000496.6089028865
339,752266.1826313846
340,147146.2774398895
341,1064780.965629179
342,1031329.4504765943
343,1831854.0250420365
344,-743494.5104850726
345,502564.15584148
346,954717.7442268506
347,802157.9264246924
348,288826.91748828255
349,1758208.9887540992
350,400138.3558447696
351,1544744.954786038
352,873094.235291319
353,1112957.4113266617
354,480502.6698145801
355,781888.586050164
356,224985.43103622552
357,1487576.96853072
358,723243.524398176
359,1003790.817484336
360,479127.0445023691
361,1760526.0473209638
362,648639.0144800097
363,323034.66054232046
364,360109.5523480633
365,1088735.2066214494
366,645723.8990226304
367,523306.90718544833
368,2145687.476166239
369,2138545.62038962
370,65678.88579534274
371,814867.4760662345
372,1332314.4609709457
373,1998838.1696546841
374,1124884.922135638
375,1729057.1798253004
376,176754.9528117329
377,58983.800385008566
378,835102.1807925208
379,1224051.4084076248
380,233155.50188097265
381,708436.3817080474
382,626493.6076753065
383,155092.40478807222
384,770954.2431466123
385,847241.504453294
386,1213361.6209440995
387,1331127.5585151054
388,438556.1322235586
389,1282648.1721342988
390,279925.0139791928
391,581711.335512667
392,-248244.08885270916
393,797280.1775900889
394,839729.1960389921
395,707005.5530947065
396,162772.4013842335
397,523393.2003465537
398,364839.3637190126
399,857364.7206242848
400,56853.80010141712
401,610101.926174676
402,279328.01219136175
403,140224.42881790735
404,205399.0405250024
405,1751907.326371286
406,418028.2333612731
407,637683.2645913502
408,1355025.0822920464
409,294444.9198588561
410,1012895.5239649173
411,349776.4847691003
412,24622.76805725787
413,295047.974074373
414,220914.74435064849
415,453243.27578891907
416,414501.1460330961
417,390561.8819953911
418,716299.0735077709
419,765722.1707384447
420,-44681.6861663647
421,417071.95313023403
422,452243.72381335404
423,176314.60014211573
424,824045.7276209947
425,910139.4132215437
426,44752.62249080278
427,594267.4188936437
428,2432352.775472397
429,555390.9218659904
430,295968.77326489985
431,357129.14714600984
432,181183.31728314888
433,-246385.9657287551
434,1823275.9189356416
435,166966.51869263407
436,1559792.5976348743
437,1698160.898435695
438,571907.1108743697
439,153531.30996406637
440,738960.7948339209
441,207524.57428447716
442,940370.4878406115
443,548008.2001650054
444,627448.3683091085
445,410998.1901777936
446,665575.3675108068
447,1004612.2439655121
448,522238.6828963915
449,484028.8194203088
450,1167899.3482291717
451,1758208.9887540992
452,526855.85726259
453,224612.33077724092
454,282694.27712442074
455,883129.4522448471
456,789640.8453286923
457,310126.81580448616
458,380531.2561730109
459,697202.0032588271
460,522081.46345596295
461,646261.3706977451
462,209975.461743447
463,8480761.911726229
464,424460.0965476567
465,262661.7854141705
466,1200660.7284561023
467,1971766.8606608268
468,465121.3363282019
469,2002093.721841244
470,1579936.8142796066
471,826316.0704242298
472,702803.4145767568
473,149736.30060882587
474,758601.5206687301
475,2132108.3354868013
476,514886.020519482
477,514510.4497011993
478,442619.5604662448
479,121145.3332234351
480,269694.78145596944
481,1709548.0309690312
482,-148457.46337404754
483,516961.33716016915
484,8922400.569438636
485,656060.2646674588
486,1677155.2588727046
487,311078.4182497803
488,2083632.8162268158
489,157586.02591455262
490,853144.1878121132
491,751186.1205928326
492,142638.83628016245
493,365925.19107429404
494,312110.3483484965
495,1339760.6318533048
496,648113.1963352254
497,-26818.818331952207
498,647486.8144272296
499,234788.98087210488
500,1574738.242275212
501,834272.755157399
502,347754.3417323129
503,848884.5835241396
504,119286.57333387248
505,1553700.3139901124
506,1626617.6486812923
507,328041.1168318009
508,171798.08199254144
509,371428.4983730223
510,-67071.22739691939
511,618076.1649195906
512,1536917.2020363081
513,526610.5701622106
514,-352828.8099806728
515,504706.89986531995
516,842270.3069304181
517,1249997.480637949
518,1048295.5635484457
519,739603.7100748885
520,1684295.7606429942
521,1701782.545981245
522,810179.91705707
523,-51032.264352116734
524,1758208.9887540992
525,1690476.614284467
526,859781.4358823532
527,1990757.8056810182
528,677587.2920654351
529,412411.04413666204
530,708064.7923017107
531,1097027.1393897235
532,320435.62257695105
533,1142881.321309546
534,646156.6893262044
535,-40142.25852407608
536,357694.82073202264
537,1623665.5795442816
538,1173410.9684928022
539,1693921.9252154473
540,374592.7384038223
541,937390.1524471436
542,348485.9542149082
543,950972.3556527998
544,178010.53405414987
545,581020.0866317013
546,154638.07552676555
547,1083024.4451061208
548,626138.8198867338
549,968356.2269977145
550,474161.77689473704
551,224406.94589338545
552,753762.0942847524
553,8743717.501802158
554,738786.30160705
555,1045670.1828626059
556,732659.0829596259
557,326001.5411310615
558,400635.83232955076
559,1822478.3442366347
560,854096.4246974755
561,94764.59830812458
562,112752.75377158727
563,339412.42444485053
564,-17525.29791888781
565,324717.5225854553
566,-132838.4021163378
567,917088.8441756163
568,253183.73725042865
569,1750073.0901102517
570,1030819.3669697382
571,1184232.8451562598
572,633279.7283525057
573,1369773.0894465726
574,364050.99576799106
575,372052.4097217191
576,1319857.4584845006
577,671647.6893060403
578,522796.8777626343
579,954259.0155715346
580,542378.5904842475
581,517471.36658298504
582,1871581.7527045384
583,2284373.4241983294
584,657185.6828915691
585,2187470.9754875656
586,955484.4593010191
587,2043869.521390235
588,1700998.13396403
589,322099.2390810158
590,125651.49333587289
591,729925.5689618466
592,531567.402258887
593,621242.4666852308
594,369383.58444085903
595,724367.1501913518
596,-33744.13318932615
597,862247.4609273411
598,1046864.7349351048
599,580975.354128913
600,871028.7808255721
601,1641442.8974907696
602,-30605.482558109798
603,719259.9903895566
604,305318.2415900957
605,871938.8915780019
606,-72785.60694388766
607,1077500.8281722292
608,325727.1585366614
609,1569836.4673572704
610,728043.481379807
611,1323020.9405578822
612,321304.6091064587
613,997628.5444309227
614,338186.9807153661
615,2189651.5212388225
616,414351.90217281785
617,9701949.000281494
618,823305.4730862034
619,860435.2316125073
620,361600.1083090212
621,791669.853939129
622,2065483.7067196313
623,2075731.058356844
624,422134.3838068312
625,378527.36413326766
626,262983.7867299728
627,1924987.7484828942
628,961612.853698723
629,1137744.6664122865
630,747551.3213964626
631,856105.104693898
632,232033.44887417648
633,769395.6342547741
634,-184795.43964479957
635,727237.4666195884
636,-48652.773153129965
637,278615.3323907554
638,224376.14195830747
639,-233314.96950213425
640,-476275.8821920138
641,1727610.7022390943
642,202927.44390549604
643,281474.25511137303
644,528500.3601483498
645,620321.6674947059
646,150948.7778443126
647,226522.38487831876
648,320152.9593284223
649,862671.8435934987
650,256942.60202839226
651,544502.0549109774
652,565549.6691461606
653,595665.4184622541
654,962065.4073957708
655,1072007.738830844
656,538033.4376461692
657,-135270.68420958612
658,744913.520254476
659,903278.8056129776
660,999529.9243918397
661,1742154.0867040753
662,786074.9466614323
663,9245947.510879064
664,664033.7375621013
665,372324.4573354274
666,788426.5744653
667,310864.86063179467
668,1033809.6651424654
669,1018465.8548845351
670,1522772.4329009969
671,649937.7018861994
672,953166.7162040304
673,1202812.1385843474
674,523179.52607413474
675,236482.44525838364
676,496638.82318174094
677,285457.96534485
678,358354.5908754943
679,492465.4290644685
680,395135.87741451524
681,784757.6035453212
682,720690.8190028965
683,752247.7114305468
684,338156.17678028997
685,157908.6451079836
686,1727186.2911749668
687,547498.1707421914
688,647486.8144272296
689,476951.6142596267
690,939348.3059338611
691,1229771.9006330166
692,428607.0699111633
693,536764.9080486596
694,660966.6954515642
695,9618279.606973648
696,221309.0998477703
697,-33156.84357966948
698,659042.930245487
699,-236585.47513642535
700,21919.799307832494
701,704554.6656357367
702,714176.9960134653
703,226245.60373447835
704,1001952.0613663457
705,195782.90091850702
706,491026.1802818598
707,1563503.8638259917
708,109512.67399760988
709,1769751.5106384493
710,115219.1729843365
711,1276520.9534868747
712,405411.4380315207
713,356733.641240268
714,387541.38398442697
715,1818678.7885566615
716,678649.4869279042
717,1505241.0059663374
718,117164.35749602132
719,235132.8759903945
720,453926.0233617546
721,8305860.321097264
722,318853.7216474889
723,386777.5665431861
724,630751.5992385792
725,954378.8694885988
726,1348080.4551767837
727,538303.9099842291
728,359529.55353942513
729,-371218.09734686837
730,321913.89818437584
731,1517883.4782586135
732,681781.2641983368
733,358105.1444044998
734,638908.7083208347
735,-689169.9039844079
736,118602.73088692129
737,680452.2535213064
738,670147.357544113
739,1071578.9944086596
740,603165.455281917
741,1636999.6836600117
742,446596.75735575426
743,955485.635051297
744,-32723.637205605395
745,707005.5530947065
746,740708.6884423671
747,9165887.806596745
748,433000.6670873752
749,335812.8383649839
750,386740.50443206914
751,-274480.3928117929
752,253210.63200471178
753,476234.2795916768
754,412890.26962439995
755,8710572.575152818
756,9225490.531087425
757,634722.3477095654
758,-120132.86794485245
759,628894.3518846631
760,287344.4890743634
761,670160.9562095264
762,714836.6961940248
763,-221570.56163009908
764,1345198.7539628856
765,-263750.62206895
766,736202.5283299275
767,2222398.6072538644
768,328688.07541844714
769,859781.4358823532
770,508893.26047659013
771,1681214.9175765738
772,650804.6534639895
773,1279185.885031255
774,1459691.4685854744
775,733320.8271160293
776,1536110.9563776683
777,1327116.8249132633
778,205733.61190614942
779,266327.89864528365
780,438288.65548307355
781,184956.55773093272
782,796038.3316784976
783,562020.6251586694
784,583476.8679890409
785,616850.7211901061
786,66287.7144850092
787,1136699.1418630034
788,532618.8987993505
789,168323.3414349556
790,323340.8674398158
791,415222.0653606197
792,390023.083976713
793,761573.4323402103
794,193338.49492289592
795,267959.30830367
796,403000.082880036
797,194768.39695537463
798,970992.1707265247
799,631251.4014049666
800,838438.8630582942
801,197310.254680885
802,1635195.7547876872
803,1784816.993464077
804,432066.5555412313
805,924153.5460191872
806,146787.9366650749
807,476414.82424741145
808,665259.1812915867
809,858057.1403458379
810,294822.1702586226
811,678122.907664354
812,538333.9693083046
813,505945.31008880306
814,951435.6622755099
815,384124.85850362293
816,1038814.6329059973
817,147351.66232374497
818,249481.12721235678
819,1364992.2712514158
820,1040249.1839325484
821,8711936.867902188
822,622977.9398375303
823,857330.5484233834
824,624408.768450872
825,2406215.166676609
826,698632.831872168
827,300825.6639675014
828,313982.7506646272
829,-16190.391992039979
830,505592.5001064176
831,689437.8983429819
832,175881.3886957215
833,731433.1426837742
834,148013.38039456028
835,1010600.7645353712
836,1506466.4496958237
837,655455.6314557074
838,9743697.924438912
839,719465.3752734121
840,199761.14213985484
841,896436.172658883
842,873771.3463295028
843,1424190.4273286127
844,439547.0192225585
845,1434622.3474541716
846,8627520.71733273
847,-35101.495868812315
848,465485.90348311234
849,837487.6237519868
850,358786.0698037436
851,-18956.126532227732
852,666454.2299104519
853,496766.0210310286
854,97103.81354869436
855,291205.30588155054
856,132361.73701818287
857,954980.6137889568
858,803517.8287587091
859,1345082.023723442
860,956843.0473924857
861,396754.11625723913
862,-64335.583774548024
863,514815.0942401597
864,922085.765871834
865,686281.9546144754
866,257749.79253888875
867,566507.0904168552
868,1866945.1776116956
869,929981.5418440904
870,595725.4113855204
871,1319768.2754131798
872,295986.35149071924
873,1711260.8745995145
874,1479800.992823368
875,67537.99844261445
876,780374.1467545843
877,448851.4604852097
878,-293368.57782054786
879,110628.49214200675
880,634006.933402895
881,1758208.9887540992
882,1636423.524198778
883,472343.99267745204
884,747181.0408297386
885,1539338.1630072482
886,287170.66000386886
887,468552.1324476879
888,8532327.715744859
889,1187311.6260600463
890,471836.4816688644
891,1807669.2135029808
892,712488.2837147852
893,-124471.91575619858
894,475694.473620045
895,1810940.8758440707
896,548162.3593723048
897,1030247.3026295938
898,491737.04826380033
899,8405308.13142441
900,1653871.8280124906
901,598263.6803639773
902,793303.5091551179
903,724403.596046662
904,327325.7025251314
905,376007.8660171004
906,696488.6513273735
907,1052606.0240429398
908,397821.4570096722
909,1529395.6460750028
910,471947.7574586114
911,54677.2952368455
912,501428.7127090525
913,1722210.5035255272
914,668024.9405459426
915,-933673.4948383505
916,256323.76016645227
917,2731758.45889483
918,632476.845134452
919,400992.28952952847
920,8517726.3353436
921,2924389.025281869
922,1321822.1242517382
923,-138258.5177227389
924,850292.633644199
925,202554.34364651144
926,710578.3173356149
927,830790.2153439801
928,1117211.8922415748
929,1213150.5580711626
930,103358.67209987808
931,-70994.48962838948
932,404316.4789403472
933,598562.9031864973
934,1072512.3229550924
935,237013.81091186777
936,364494.3624609541
937,2094811.2683753092
938,609287.2522129035
939,2043869.521390235
940,802778.8386363201
941,2681637.6417866554
942,521954.0823446503
943,1745196.4432900175
944,243367.08697849978
945,487664.10603043996
946,415548.9778040219
947,607710.0912609082
948,828339.3278850112
949,542355.8119909661
950,271670.70527549274
951,408821.1433227062
952,1540608.0065240748
953,1976668.6355787665
954,1813109.6333105974
955,634791.34542011
956,1542681.6120267343
957,1130111.84643141
958,257549.20389593765
959,359580.0346049797
960,1182506.2904207762
961,318237.56699592154
962,709481.2807817971
963,248679.6316641504
964,2307541.38949793
965,263298.2261187723
966,288020.53291507065
967,1135408.1935706306
968,886741.1979310224
969,788426.5744653
970,9383858.560547773
971,212121.70466345828
972,678175.8592892066
973,273675.05600134004
974,919008.4965048712
975,185479.5536477454
976,716093.6886239154
977,687420.5591450045
978,3542701.1913634464
979,900457.9015340507
980,35060.306824438274
981,-56055.052352909
982,133156.36699273903
983,803517.8287587091
984,157182.80092440173
985,798620.3173902417
986,1672968.8982614353
987,1567180.195014447
988,841322.6130981557
989,711937.4437866705
990,333361.95090601407
991,968898.8794313669
992,1110718.7743251976
993,-301231.2696202714
994,324550.12653998565
995,1839206.687418947
996,421625.605230703
997,-94854.30044842511
998,298630.4673241619
999,406712.5699114213
1000,792102.9056537552
1001,2306219.160871554
1002,848242.4128941735
1003,962515.1816884112
1004,-19933.975584194995
1005,-43884.98685906269
1006,241413.05052877683
1007,884324.4826729521
1008,1298613.1128185038
1009,918006.9088600781
1010,733149.8965706006
1011,997102.059863992
1012,419613.22151255794
1013,440484.16097910795
1014,-152862.50641820766
1015,626654.2710259855
1016,859782.115086264
1017,8279288.141498569
1018,1356087.8235383816
1019,313025.72582258563
1020,157893.40495957527
1021,702309.1630606223
1022,358456.5850366615
1023,6748.931830314919
1024,1793768.2878288012
1025,457438.78256102744
1026,771239.5830316003
1027,431786.75123039447
1028,934469.7247663476
1029,768168.1211925456
1030,802387.3373918831
1031,329892.6039535012
1032,678732.895988482
1033,-285618.60089222435
1034,178928.59873861074
1035,585387.6667011213
1036,-14997.333268235438
1037,415811.28732710425
1038,1885811.3558614943
1039,707329.6161453491
1040,697462.7822445249
1041,901337.9475768227
1042,108883.96640800871
1043,1299804.3843470886
1044,205042.39890395477
1045,1117770.7024194896
1046,748083.865365793
1047,857330.5484233834
1048,531757.6321805296
1049,1839206.687418947
1050,1173087.9973532613
1051,587234.6867986126
1052,1623550.6065707542
1053,1123466.2978866063
1054,1897674.4417296033
1055,365707.25325240474
1056,530251.3580758516
1057,357584.1224275334
1058,1902320.9688206129
1059,756982.532235031
1060,355316.3710891977
1061,552565.1234340845
1062,1871581.7527045384
1063,802067.1680777203
1064,238465.31206055917
1065,268789.0040615946
1066,151027.99351219926
1067,848156.1197330691
1068,641359.5957798045
1069,827582.3071036348
1070,1618754.9568815678
1071,58529.29050086159
1072,2178164.220473567
1073,687979.4091250869
1074,407708.69039562345
1075,946062.1549480427
1076,8719128.892397188
1077,8679810.218704104
1078,-180743.06765740365
1079,516961.33716016915
1080,1262869.838040676
1081,506442.3730176203
1082,1248977.421792319
1083,1335588.8057909068
1084,-385881.1956500495
1085,921495.8298191484
1086,-133050.02186259348
1087,401853.7850098526
1088,9562360.533911731
1089,722631.6770390514
1090,272621.49092226196
1091,1770934.5170852933
1092,854879.6609644135
1093,397853.3907707548
1094,723794.3069687448
1095,-23661.732535736635
1096,838142.8777208906
1097,180798.06051478256
1098,97909.5978259882
1099,867784.4251117315
1100,1859429.941742273
1101,1383248.0947923195
1102,297202.373216887
1103,1818678.7885566615
1104,431122.18484601844
1105,485302.3711336693
1106,216420.42536588013
1107,729379.3836961007
1108,636457.8208618648
1109,574693.3769987915
1110,1355025.0822920464
1111,2066240.8058287892
1112,1339327.9053350016
1113,196190.93618015386
1114,32619.30810611695
1115,1072410.7612005118
1116,953338.2163810078
1117,8313459.4210711885
1118,683640.837233861
1119,517645.6835849965
1120,428647.2512686234
1121,587848.8595654843
1122,194486.26696293056
1123,1910218.910762431
1124,734170.7000272311
1125,709035.3120646589
1126,1562.5563606331125
1127,1299804.3843470886
1128,613371.6186630055
1129,1466894.6541884933
1130,327380.71166125964
1131,261854.86814952642
1132,875137.0874886401
1133,636138.1545267552
1134,1780525.816463668
1135,10204281.80502503
1136,1019427.7491120286
1137,1640472.8248655107
1138,190673.0066106459
1139,576281.2146134507
1140,336827.3423281163
1141,622473.1295106709
1142,779848.468358905
1143,-204017.2825481929
1144,227953.2134916596
1145,620321.6674947059
1146,697202.0032588271
1147,318853.7216474889
1148,1013072.5671887696
1149,1898027.986434225
1150,804655.618460279
1151,-6684.332460534759
1152,1931255.3951903172
1153,103675.68953793496
1154,93452.86141753383
1155,203575.09029389918
1156,329451.9014579253
1157,590829.5303659514
1158,147285.41314985603
1159,1114575.6501693856
1160,717014.4878144423
1161,279023.3676524032
1162,501540.5980996806
1163,319648.351622046
1164,565462.0847312845
1165,2026911.8284876496
1166,363784.36987072136
1167,271219.3409551075
1168,165654.10259813163
1169,425495.0898569105
1170,1122658.3348299582
1171,1499745.8548901118
1172,680060.9990276936
1173,531790.0869947961
1174,830895.1623634677
1175,489796.1902276445
1176,420950.93469648063
1177,695073.7349932883
1178,703548.2741521373
1179,916173.2783583011
1180,769634.1487553148
1181,695793.016420777
1182,536482.1436708244
1183,47498.0232810881
1184,624189.9241294004
1185,-155699.32341676857
1186,244658.91640237346
1187,771774.0226480421
1188,742855.0402621366
1189,534116.8047619583
1190,1263879.9118500166
1191,545047.2832832215
1192,159539.85044470616
1193,859787.6692845896
1194,881774.3355588801
1195,60780.760958028026
1196,729798.3730437905
1197,519922.2540419549
1198,241521.8629679028
1199,384088.909194679
1200,525539.443266564
1201,527472.0119141573
1202,285150.5862998273
1203,519921.50943095237
1204,236564.44921473693
1205,272608.2652130034
1206,463034.20287817996
1207,275136.2298636548
1208,2656715.77511869
1209,648712.258156715
1210,-169537.3702364629
1211,376770.9752864456
1212,31379.29853054881
1213,8298703.71467994
1214,1859429.941742273
1215,8589219.706995089
1216,800247.9600455221
1217,1459609.1089332718
1218,219964.3524759654
1219,634482.3935887087
1220,1099715.7967382316
1221,226296.95600724593
1222,8244788.235003827
1223,503991.48555865046
1224,695895.2745287102
1225,621460.3809249923
1226,778761.5410461351
1227,720180.7895800816
1228,981007.2264089081
1229,556855.6786841713
1230,704554.6656357367
1231,1906439.773727011
1232,747888.350941103
1233,855084.3012372674
1234,634006.933402895
1235,766696.0551900426
1236,166369.516904803
1237,1696224.8868693523
1238,424895.70654348936
1239,630452.8760878853
1240,760453.3510377146
1241,314204.3569472404
1242,762496.2032350376
1243,184767.933594062
1244,880012.2349832403
1245,1600580.0134940445
1246,1552364.2051398307
1247,1470559.2441247106
1248,286675.2528518345
1249,644931.245596719
1250,545861.2126339925
1251,1357168.5907059927
1252,1534093.2143183537
1253,911881.7519474942
1254,230404.10095062945
1255,1126947.3217738122
1256,937638.8487599604
1257,142449.8874058053
1258,772694.3252922017
1259,626276.5278577087
1260,622977.9398375303
1261,-25088.76689609047
1262,390758.54227059986
1263,992240.0237875246
1264,413684.89959895704
1265,1078104.5623676497
1266,504295.3854866065
1267,720715.6592310183
1268,806708.9707524702
1269,389401.4538803296
1270,1418686.1572544295
1271,1374586.7823251914
1272,855495.8156159809
1273,706231.368333919
1274,316707.4787274776
1275,-95141.10739197861
1276,1646912.0932307094
1277,827748.6862327904
1278,1110718.7743251976
1279,326291.4989762381
1280,51174.35446954332
1281,808325.7657379825
1282,741459.0500700623
1283,871037.8236740138
1284,276857.08074517455
1285,718245.0082393615
1286,634211.4428950436
1287,182711.05515581928
1288,879296.8206765708
1289,702819.1924834363
1290,683831.0671555046
1291,1328622.2820821516
1292,794261.0267093815
1293,881056.1867461447
1294,1473475.1893792842
1295,516961.33716016915
1296,900255.2511562575
1297,1023820.8611596487
1298,279086.8603420947
1299,278615.3323907554
1300,1066900.5790290479
1301,324783.84479961917
1302,1701782.545981245
1303,424240.66154292785
1304,562812.7845739285
1305,706361.0650673611
1306,1310833.3779124543
1307,757167.9575493243
1308,2109539.3716224097
1309,8658384.710000224
1310,750717.6231621029
1311,509608.67478325963
1312,359274.25110218674
1313,864683.2108002929
1314,195678.98539723642
1315,1759588.591690885
1316,1482487.648516154
1317,-20396.17111499328
1318,162487.8008324923
1319,160314.39697143156
1320,920910.3063475247
1321,909912.420798907
1322,479787.3271598844
1323,871525.8437543875
1324,618573.9070523186
1325,-181959.29541746434
1326,-211432.58250003774
1327,541368.1381510189
1328,-250493.9602082055
1329,357773.775548093
1330,-82576.60384173319
1331,369383.58444085903
1332,488286.3546695765
1333,834081.289764069
1334,861927.6788023645
1335,1699387.6897388212
1336,633801.5485190405
1337,624408.768450872
1338,486119.8590391902
1339,873911.6437591556
1340,381617.9777484918
1341,655147.9884639168
1342,455092.96058388986
1343,2186219.5133206937
1344,1487899.4528569095
1345,1059237.8503967412
1346,1352581.1792789996
1347,717390.0586327249
1348,661123.2361844545
1349,881363.5657911673
1350,822938.9620582974
1351,745199.6935925959
1352,98414.20553236455
1353,1690476.614284467
1354,677863.2569130948
1355,369609.67848525103
1356,806708.9707524702
1357,8398387.567655485
1358,5964.190596407279
1359,836119.6202601092
1360,708765.8664751276
1361,664033.7375621013
1362,562891.1690704478
1363,916266.6318689696
1364,1018465.8548845351
1365,9065045.665538764
1366,8671627.223996362
1367,627040.3330474617
1368,202554.34364651144
1369,895926.1432360671
1370,-143739.6419202285
1371,-155313.39387717843
1372,986112.8051401004
1373,480502.6698145801
1374,379699.8982056184
1375,1042490.9640944526
1376,1093591.3125968724
1377,451178.99267195724
1378,154419.72414891236
1379,873169.6020291457
1380,719996.6104031298
1381,509481.0114859529
1382,504884.9906420661
1383,-84755.44368699472
1384,1277368.012454329
1385,872455.3021464702
1386,1860244.6157040447
1387,853275.8324728981
1388,844519.677287532
1389,-239834.2758101849
1390,984390.0919478107
1391,499386.06579110585
1392,-65432.94456697814
1393,402884.2892231494
1394,729268.9251092914
1395,2039888.5456628185
1396,3706.8779205419123
1397,831393.1237763409
1398,565296.8663606206
1399,1100479.6144934837
1400,1410204.9851215314
1401,614189.0271308431
1402,542596.3958242517
1403,1346492.3291965835
1404,8863522.505909778
1405,1530416.8831298985
1406,645446.6967359707
1407,581711.335512667
1408,724058.1983599495
1409,917245.5811002702
1410,-166764.02797462977
1411,116240.06584201008
1412,1467800.840407325
1413,1857588.3433612213
1414,3122648.2073558588
1415,687098.0724334605
1416,666454.2299104519
1417,1173410.9684928022
1418,319463.010725406
1419,109944.08135345206
1420,504797.8701318605
1421,1910422.851789074
1422,1487899.4528569095
1423,580908.267178081
1424,295869.51360979676
1425,384883.53916923515
1426,236851.6651370749
1427,707247.3838338722
1428,640849.5663569896
1429,762949.8153838422
1430,797664.1867683996
1431,183543.70377206337
1432,841021.3951780489
1433,361536.5447394587
1434,-32650.608409842476
1435,843851.8431493267
1436,551194.4664801797
1437,1953868.8441729564
1438,2012112.6657951642
1439,2186118.8298506774
1440,870810.429447718
1441,278615.3323907554
1442,1543762.8081506882
1443,439570.2273622323
1444,584451.7125483826
1445,755551.576119775
1446,865208.7649983112
1447,908197.4407613948
1448,1446836.1901963465
1449,206926.39428738225
1450,660055.9993198048
1451,619204.6270498754
1452,851112.7198439594
1453,792285.0491614798
1454,173212.14985889848
1455,386386.0125873145
1456,-179294.2643895913
1457,-100060.23908676207
1458,711521.398473056
1459,479277.22608509567
1460,318648.878754152
1461,157031.933061379
1462,2053779.1964548659
1463,768711.0238831807
1464,738581.8640340408
1465,251858.2207198795
1466,654230.187726222
1467,1116128.2529843468
1468,573939.613979484
1469,254075.5230852738
1470,2330334.7333313134
1471,141655.2574312482
1472,800177.166248085
1473,621752.4961080458
1474,210392.46637355722
1475,1666237.398696566
1476,862232.3233413231
1477,38904.21617463045
1478,844573.6264832802
1479,801402.3443296235
1480,963349.2741618678
1481,583341.1799825802
1482,67005.19052651897
1483,316433.638123597
1484,1211763.3449497279
1485,659517.219412528
1486,655455.6314557074
1487,677011.9432632225
1488,822011.0316461734
1489,404977.09675912093
1490,843805.4925580975
1491,159455.4876907235
1492,257354.28663314693
1493,8784581.664177695
1494,1493220.2869311217
1495,683110.019212828
1496,359529.55353942513
1497,1354823.19225703
1498,597337.4594570128
1499,780177.7505055014
1500,439242.1619125232
1501,189016.74912623316
1502,1057194.8640345354
1503,1818678.7885566615
1504,2193110.0496229883
1505,1059119.172229955
1506,228369.27419510297
1507,349224.19239914976
1508,895004.2082070885
1509,127534.52190196328
1510,-346241.9177027792
1511,659636.5703505389
1512,1559018.9288591854
1513,355853.22235097084
1514,2131494.89360239
1515,307572.787327664
1516,624701.1256997436
1517,286071.38549035415
1518,329474.6799512068
1519,13386.179900554009
1520,25972.171295228414
1521,536482.1436708244
1522,-52725.0598352151
1523,206716.135185102
1524,393892.45903055836
1525,535256.699941339
1526,464237.5408856096
1527,272488.1137433313
1528,363256.3657934349
1529,1839206.687418947
1530,841309.1794865299
1531,1043810.2457626034
1532,2036621.5403848626
1533,862232.3233413231
1534,312937.4427664168
1535,177809.2802378796
1536,338448.89259403944
1537,2306219.160871554
1538,711826.5395583808
1539,274906.00475167856
1540,727624.4222235335
1541,898995.6352258716
1542,632476.845134452
1543,303512.19825488515
1544,244632.5258983178
1545,264930.0664825663
1546,393179.77922995295
1547,2132108.3354868013
1548,485302.3711336693
1549,770419.6751965228
1550,556586.3062714003
1551,86504.23717673682
1552,1217822.4501717482
1553,1998956.5797145367
1554,859751.2957491763
1555,9778022.227000106
1556,315476.6132815555
1557,714277.4270173516
1558,524590.3107002592
1559,685265.2599873375
1560,560468.0223437101
1561,321609.2536454173
1562,1157606.478131013
1563,230404.10095062945
1564,516451.3077373551
1565,44647.98057326861
1566,537417.7055068668
1567,566067.7829517005
1568,634006.933402895
1569,264318.0428985832
1570,133193.1717269402
1571,278587.1321810372
1572,985906.9150521699
1573,1168580.5900209304
1574,665563.8258305453
1575,85402.08018451463
1576,363451.5251220437
1577,254639.13493644726
1578,167382.49825721327
1579,434450.7802703483
1580,425380.8957381826
1581,307208.5734305568
1582,1420350.9862184897
1583,495366.5885922173
1584,607762.5856608963
1585,396035.34196897224
1586,245089.38171723112
1587,712112.7128965026
1588,904305.445405459
1589,205670.1786557082
1590,803517.8287587091
1591,565460.7675281912
1592,727533.4519569911
1593,724367.1501913518
1594,414115.71335388534
1595,465462.98461509496
1596,917819.4986306932
1597,646261.3706977451
1598,993465.4675170109
1599,1532969.3559255768
1600,134374.20554967225
1601,2138545.62038962
1602,289134.2965333052
1603,905854.4657263961
1604,197100.06595822144
1605,289326.10347822215
1606,503991.48555865046
1607,-6168.881321283057
1608,982572.231489256
1609,999529.9243918397
1610,366021.11376078706
1611,784436.3774243938
1612,1295552.9362816177
1613,-34081.43702318333
1614,687294.886475401
1615,1038906.0209653955
1616,672101.8142456813
1617,1846343.9556778148
1618,723442.8578531696
1619,1604422.7323867325
1620,495923.4088750696
1621,387541.38398442697
1622,1441564.2400633693
1623,462887.5730464291
1624,333036.7296884069
1625,693139.7425307818
1626,-136726.35305104777
1627,192999.5818034187
1628,458370.9424607791
1629,449785.291576826
1630,216407.32492983062
1631,1122255.471631771
1632,496638.82318174094
1633,1443012.9982411899
1634,594065.0324626192
1635,701839.6228387952
1636,461017.48155783117
1637,823746.5047984738
1638,2497130.368757149
1639,325182.1941111842
1640,1520180.0489797909
1641,606228.5642019669
1642,367750.10544972774
1643,1695643.9275211766
1644,655225.5388256153
1645,1277868.2756685633
1646,972900.7090641595
1647,746290.678717549
1648,-51316.11441658065
1649,577441.3642191589
1650,986744.2519672699
1651,501916.16891796235
1652,1839206.687418947
1653,731862.3836523239
1654,490511.6045343159
1655,1839206.687418947
1656,1343529.4209084827
1657,1852686.5684432816
1658,1018220.3559406567
1659,1537327.971804019
1660,196496.39386507403
1661,1004612.2439655121
1662,1222232.376600286
1663,947244.1679465659
1664,1687808.976029234
1665,822614.8990076538
1666,817619.2861510487
1667,637683.2645913502
1668,367750.10544972774
1669,237509.35316603724
1670,775045.9530960675
1671,134607.23959329724
1672,1762176.1700720973
1673,303532.2422421016
1674,956638.5667643491
1675,1855137.4559022505
1676,636165.7056788113
1677,591719.5256214002
1678,695341.7574520791
1679,747551.3213964626
1680,132440.95268606953
1681,963349.2741618678
1682,790877.4619242698
1683,90180.56836519204
1684,418028.2333612731
1685,531757.6321805296
1686,326308.3781855665
1687,818267.452667946
1688,806708.9707524702
1689,-267637.7598576974
1690,978201.6003987752
1691,1285000.3459760156
1692,576809.5605947273
1693,574898.7618826469
1694,1056064.6830574516
1695,282699.6988408575
1696,361041.12516287994
1697,963349.2741618678
1698,1290044.7611971535
1699,10736.985050948337
1700,139204.36997227836
1701,606126.3721636999
1702,2036622.984242078
1703,420755.02315896563
1704,508542.81197751313
1705,842153.3301955378
1706,512792.95120337233
1707,595247.8093232661
1708,909821.2338024434
1709,510560.911668621
1710,1299504.682561513
1711,122015.82648218516
1712,831827.6309664547
1713,269009.0112162307
1714,747317.6292500198
1715,460925.0874763783
1716,807828.7857995685
1717,541162.8327048458
1718,718239.9315439267
1719,628589.7073457036
1720,416597.4047479322
1721,702840.39819034
1722,509699.6450498011
1723,510743.51805919595
1724,226913.87650908437
1725,796200.2338663479
1726,753505.3556566294
1727,1307872.4610306676
1728,1864331.7166602127
1729,1550393.4607441705
1730,10551.432234739885
1731,331344.3477612715
1732,671386.3999390118
1733,2043869.521390235
1734,799550.9252727386
1735,886491.0216804352
1736,654740.2171490369
1737,717549.3574653789
1738,516245.92285349965
1739,632781.4896734105
1740,520333.0238096658
1741,712951.55228398
1742,867134.0982592627
1743,1920702.1282165218
1744,267492.6340527851
1745,643713.7081735628
1746,1057489.824306408
1747,1841581.5395971946
1748,186996.67542219162
1749,2092993.3957983851
1750,757069.9903862923
1751,257554.62561237533
1752,641590.9966420587
1753,814976.0632926244
1754,619204.8335838635
1755,414737.15894118417
1756,108287.23026812449
1757,760751.3981099613
1758,602954.648681622
1759,286774.5125069376
1760,182417.51969768293
1761,726907.2741996162
1762,1000825.8772919625
1763,851853.6566284262
1764,2091860.3461503517
1765,670232.7736123297
1766,454765.53755164985
1767,533767.487927231
1768,431571.8930001985
1769,1446910.5835101362
1770,2823291.1677879207
1771,257664.37647067197
1772,274916.22270901967
1773,-251800.82931305934
1774,-198990.7349758055
1775,521558.46753915027
1776,1684095.5968862865
1777,613139.8207646497
1778,2002271.3156698532
1779,977636.2843704149
1780,492465.4290644685
1781,221395.18108930625
1782,965289.9476889409
1783,189447.56288116146
1784,745122.9484840082
1785,660966.6954515642
1786,647787.6366018374
1787,321916.63269043993
1788,924316.7338980772
1789,1075459.5322717056
1790,1813914.8422102556
1791,1369773.0894465726
1792,1266396.0769496355
1793,963685.6803465821
1794,1083242.6138264295
1795,880522.2644060552
1796,1049595.0546122193
1797,2047435.1398321874
1798,550067.0615655305
1799,1743468.661022555
1800,197713.9469553791
1801,313335.79207798187
1802,622977.9398375303
1803,1249205.6249716245
1804,571748.960601626
1805,174274.85383445676
1806,315972.02043359075
1807,929843.9789205026
1808,635537.6580352476
1809,2082967.6008481719
1810,702819.1924834363
1811,688229.6772254575
1812,497148.85260455497
1813,556913.4653568752
1814,158198.04949853476
1815,846930.6760035837
1816,322873.9971916415
1817,535853.0225252593
1818,866506.0653760321
1819,1003091.9741290379
1820,473789.3558396632
1821,-332593.1430940507
1822,769422.3948441744
1823,950175.8248717096
1824,1088341.5296838172
1825,62821.77634088416
1826,486542.43713393435
1827,438043.36829467956
1828,1042168.3449010216
1829,1595505.8543771822
1830,886449.0827479688
1831,481728.1135440655
1832,1836163.740925528
1833,1859429.941742273
1834,1128841.8717797156
1835,288020.53291507065
1836,844573.6264832802
1837,1108482.7343532108
1838,717014.4878144423
1839,-239079.27561713476
1840,287034.74658804946
1841,274916.22270901967
1842,683722.1222344926
1843,189655.68227108195
1844,437720.5425672624
1845,924153.5460191872
1846,2103207.7154019754
1847,913531.1911539491
1848,585786.0160126863
1849,1440666.6346232686
1850,313856.66917056404
1851,-153245.0350295892
1852,813428.6182473376
1853,1337051.46161142
1854,405837.5746810138
1855,325397.00099835824
1856,894788.4860163834
1857,1507531.9347473085
1858,982760.5417337939
1859,193123.89406961668
1860,1506243.729245225
1861,1209137.0408336595
1862,9201540.089369124
1863,485810.33882164396
1864,191799.1906850282
1865,1927989.703139227
1866,367493.2526003979
1867,913085.5045743361
1868,57049.83823514171
1869,1607721.4234241582
1870,146854.59939492773
1871,190858.3475072859
1872,317502.1087020347
1873,1209874.0877310913
1874,1353545.3536837548
1875,635597.7299933219
1876,1151963.4912802596
1877,342954.56097554136
1878,275228.6239451086
1879,1018465.8548845351
1880,1076669.56900323
1881,1014191.7614918407
1882,-119548.6375787463
1883,524874.4444640316
1884,527650.487237147
1885,250415.10481645074
1886,882997.9920931458
1887,501121.5389434062
1888,143609.08196140174
1889,973239.5307148173
1890,1500897.0123586748
1891,480502.6698145801
1892,638908.7083208347
1893,206537.6450555306
1894,399017.59348682594
1895,212365.64088043384
1896,556746.9620300587
1897,1133740.9121915922
1898,1086608.3822131213
1899,1110793.193752179
1900,141224.4436763199
1901,178418.56931579672
1902,367727.3269564463
1903,1508323.9609965067
1904,662808.2938326169
1905,669987.7718222681
1906,302306.7985126171
1907,615239.1453005467
1908,1998838.1696546841
1909,1706230.3226929158
1910,798011.2012805501
1911,312090.3043612791
1912,341607.07909767237
1913,-22946.318229066208
1914,577504.8117787121
1915,554023.7387011796
1916,708629.3461357551
1917,293297.8786512939
1918,105706.86157429125
1919,992471.9330343883
1920,81066.97229031101
1921,166672.09211101755
1922,1247859.1427778322
1923,876427.6186723271
1924,602655.4258591011
1925,201702.00017601065
1926,1467800.840407325
1927,842945.7670856835
1928,505251.1014890354
1929,444063.9670185251
1930,2013431.947463315
1931,1458947.5342276953
1932,1085080.081139896
1933,296387.69925511256
1934,910654.2464831676
1935,154727.10319393594
1936,1226883.5866800882
1937,627369.685332655
1938,1117836.904297687
1939,1148145.2180359978
1940,721916.2627323819
1941,-30199.720950872637
1942,-85857.11674994882
1943,9418226.456319373
1944,220438.9366599694
1945,98132.70323126856
1946,705089.5352866724
1947,1402440.4693500344
1948,752511.0560997287
1949,769814.6934110476
1950,-335472.9873581752
1951,708638.9526481573
1952,667710.0687505566
1953,252865.99227542058
1954,640134.1520503201
1955,223254.1656928761
1956,905754.5333000701
1957,871944.1582996612
1958,1418686.1572544295
1959,561353.6225848077
1960,954260.1913218126
1961,671697.2283887211
1962,686382.6677283561
1963,538619.9664215669
1964,811791.2903261445
1965,-86696.30172315054
1966,874709.8817114308
1967,715789.0440849569
1968,622046.4527090043
1969,319850.73558034096
1970,141158.19450243097
1971,804149.6323831426
1972,302900.174670903
1973,597038.236634492
1974,213284.57254983857
1975,883064.8667425672
1976,949358.4164038729
1977,154230.0402651187
1978,492757.10710943025
1979,421055.5035725888
1980,8342030.809612336
1981,1420350.9862184897
1982,497355.29227737803
1983,749394.5186295072
1984,820385.0454054056
1985,213956.43747086078
1986,1069442.8545474168
1987,424155.45200869814
1988,510450.46752915066
1989,995853.5932033844
1990,534817.4497158509
1991,171999.67262341082
1992,475105.40830692276
1993,-229332.07241461892
1994,1677155.2588727046
1995,702531.7779879477
1996,218248.92331088334
1997,718771.1666736435
1998,1241114.7032017875
1999,450611.68118590955
